planned_order,trial_id,block,x_norm_target,y_norm_target,theta_deg_target,load_level,repeat,purpose,required
1,P0_nocontact_R01,P0,,0,,,1,baseline_drift,yes
2,P0_nocontact_R02,P0,,0,,,2,baseline_drift,yes
3,P0_nocontact_R03,P0,,0,,,3,baseline_drift,yes
4,P1_x+000_th+000_LL_R01,P1,0,0,0,L,1,repeatability,yes
5,P1_x+000_th+000_LL_R02,P1,0,0,0,L,2,repeatability,yes
6,P1_x+000_th+000_LL_R03,P1,0,0,0,L,3,repeatability,yes
7,P1_x+000_th+000_LM_R01,P1,0,0,0,M,1,repeatability,yes
8,P1_x+000_th+000_LM_R02,P1,0,0,0,M,2,repeatability,yes
9,P1_x+000_th+000_LM_R03,P1,0,0,0,M,3,repeatability,yes
10,P1_x+000_th+000_LH_R01,P1,0,0,0,H,1,repeatability,yes
11,P1_x+000_th+000_LH_R02,P1,0,0,0,H,2,repeatability,yes
12,P1_x+000_th+000_LH_R03,P1,0,0,0,H,3,repeatability,yes
13,P2_x-050_th+000_LM_R01,P2,-0.5,0,0,M,1,minimal_why_spatial,yes
14,P2_x-050_th+000_LM_R02,P2,-0.5,0,0,M,2,minimal_why_spatial,yes
15,P2_x-050_th+000_LM_R03,P2,-0.5,0,0,M,3,minimal_why_spatial,yes
16,P2_x-050_th+000_LM_R04,P2,-0.5,0,0,M,4,minimal_why_spatial,yes
17,P2_x+000_th+000_LM_R01,P2,0,0,0,M,1,minimal_why_spatial,yes
18,P2_x+000_th+000_LM_R02,P2,0,0,0,M,2,minimal_why_spatial,yes
19,P2_x+000_th+000_LM_R03,P2,0,0,0,M,3,minimal_why_spatial,yes
20,P2_x+000_th+000_LM_R04,P2,0,0,0,M,4,minimal_why_spatial,yes
21,P2_x+050_th+000_LM_R01,P2,0.5,0,0,M,1,minimal_why_spatial,yes
22,P2_x+050_th+000_LM_R02,P2,0.5,0,0,M,2,minimal_why_spatial,yes
23,P2_x+050_th+000_LM_R03,P2,0.5,0,0,M,3,minimal_why_spatial,yes
24,P2_x+050_th+000_LM_R04,P2,0.5,0,0,M,4,minimal_why_spatial,yes
